
<launch>

  <node pkg="move_base" type="move_base" respawn="false" name="move_base" output="screen" clear_params="true">
    <rosparam file="$(find simbha_model)/param/costmap_common_params.yaml" command="load" ns="global_costmap" />
    <rosparam file="$(find simbha_model)/param/costmap_common_params.yaml" command="load" ns="local_costmap" />
    <rosparam file="$(find simbha_model)/param/local_costmap_params.yaml" command="load" />
    <rosparam file="$(find simbha_model)/param/global_costmap_params.yaml" command="load" />
    <rosparam file="$(find simbha_model)/param/base_local_planner_params.yaml" command="load" />
    <rosparam file="$(find simbha_model)/param/dwa_local_planner_params.yaml" command="load" />
<!--    <rosparam file="$(find simbha_model)/param/move_base_params.yaml" command="load" /> -->
  </node>
</launch>
